{
  "brier_score": 0.16845439958477035,
  "calibration_curve": {
    "prob_true": [
      0.08333333333333333,
      0.047075606276747506,
      0.09214594928880643,
      0.15890236119974474,
      0.23154848046309695,
      0.3466666666666667,
      0.44,
      0.5416666666666666,
      0.670846394984326,
      0.8490566037735849
    ],
    "prob_pred": [
      0.09178464142615068,
      0.16525409644034708,
      0.25063969527967483,
      0.3484402992498309,
      0.44445617239406554,
      0.5437765226360021,
      0.6486872905893636,
      0.7550529562500222,
      0.8458676744351268,
      0.9200356584946334
    ]
  },
  "n_bins": 10,
  "n_samples_eval": 6000
}