group,support,precision,recall,f1,roc_auc
1,2402,0.5100671140939598,0.5418894830659536,0.5254969749351772,
2,3598,0.5281862745098039,0.5626631853785901,0.5448798988621998,
