{
  "roc_auc": 0.7735566115398528,
  "precision": 0.5186500888099467,
  "recall": 0.5499058380414312,
  "f1": 0.5338208409506399,
  "confusion_matrix": [
    [
      3196,
      542
    ],
    [
      478,
      584
    ]
  ],
  "classification_report": {
    "0": {
      "precision": 0.869896570495373,
      "recall": 0.8550026752273944,
      "f1-score": 0.8623853211009175,
      "support": 3738.0
    },
    "1": {
      "precision": 0.5186500888099467,
      "recall": 0.5499058380414312,
      "f1-score": 0.5338208409506399,
      "support": 1062.0
    },
    "accuracy": 0.7875,
    "macro avg": {
      "precision": 0.6942733296526598,
      "recall": 0.7024542566344127,
      "f1-score": 0.6981030810257787,
      "support": 4800.0
    },
    "weighted avg": {
      "precision": 0.7921832864224724,
      "recall": 0.7875,
      "f1-score": 0.7896904298676685,
      "support": 4800.0
    }
  }
}