{
  "classification_report": {
    "0": {
      "precision": 0.876657824933687,
      "recall": 0.7073301230604602,
      "f1-score": 0.782943440923897,
      "support": 3738.0
    },
    "1": {
      "precision": 0.3867713004484305,
      "recall": 0.6497175141242938,
      "f1-score": 0.4848910751932537,
      "support": 1062.0
    },
    "accuracy": 0.6945833333333333,
    "macro avg": {
      "precision": 0.6317145626910587,
      "recall": 0.678523818592377,
      "f1-score": 0.6339172580585754,
      "support": 4800.0
    },
    "weighted avg": {
      "precision": 0.768270431391324,
      "recall": 0.6945833333333333,
      "f1-score": 0.7169993550059921,
      "support": 4800.0
    }
  },
  "confusion_matrix": [
    [
      2644,
      1094
    ],
    [
      372,
      690
    ]
  ],
  "roc_auc": 0.7242399784772666
}