{
  "classification_report": {
    "0": {
      "precision": 0.8362779740871613,
      "recall": 0.9497057249866239,
      "f1-score": 0.8893899536515094,
      "support": 3738.0
    },
    "1": {
      "precision": 0.6612612612612613,
      "recall": 0.3455743879472693,
      "f1-score": 0.45392702535559676,
      "support": 1062.0
    },
    "accuracy": 0.8160416666666667,
    "macro avg": {
      "precision": 0.7487696176742114,
      "recall": 0.6476400564669466,
      "f1-score": 0.6716584895035531,
      "support": 4800.0
    },
    "weighted avg": {
      "precision": 0.7975555263744308,
      "recall": 0.8160416666666667,
      "f1-score": 0.7930437807660389,
      "support": 4800.0
    }
  },
  "confusion_matrix": [
    [
      3550,
      188
    ],
    [
      695,
      367
    ]
  ],
  "roc_auc": 0.7722517454473273
}