{
  "classification_report": {
    "0": {
      "precision": 0.8656756039288559,
      "recall": 0.6978386475497539,
      "f1-score": 0.7727488151658768,
      "support": 4673.0
    },
    "1": {
      "precision": 0.367666815942678,
      "recall": 0.6186887716654107,
      "f1-score": 0.46123595505617976,
      "support": 1327.0
    },
    "accuracy": 0.6803333333333333,
    "macro avg": {
      "precision": 0.616671209935767,
      "recall": 0.6582637096075823,
      "f1-score": 0.6169923851110283,
      "support": 6000.0
    },
    "weighted avg": {
      "precision": 0.7555326603192463,
      "recall": 0.6803333333333333,
      "f1-score": 0.7038525542716155,
      "support": 6000.0
    }
  },
  "confusion_matrix": [
    [
      3261,
      1412
    ],
    [
      506,
      821
    ]
  ],
  "roc_auc": 0.7087146720300412
}