,precision,recall,f1-score,support
0,0.8709677419354839,0.8551251872458806,0.8629737609329446,4673.0
1,0.5205382436260623,0.5538809344385832,0.5366922234392114,1327.0
accuracy,0.7885,0.7885,0.7885,0.7885
macro avg,0.6957529927807731,0.7045030608422319,0.699832992186078,6000.0
weighted avg,0.7934644178927168,0.7885,0.7908111608905806,6000.0
