{
  "classification_report": {
    "0": {
      "precision": 0.8368968779564806,
      "recall": 0.9465011769741065,
      "f1-score": 0.8883309901586663,
      "support": 4673.0
    },
    "1": {
      "precision": 0.6503496503496503,
      "recall": 0.35041446872645066,
      "f1-score": 0.455435847208619,
      "support": 1327.0
    },
    "accuracy": 0.8146666666666667,
    "macro avg": {
      "precision": 0.7436232641530655,
      "recall": 0.6484578228502786,
      "f1-score": 0.6718834186836427,
      "support": 6000.0
    },
    "weighted avg": {
      "precision": 0.7956388494507699,
      "recall": 0.8146666666666667,
      "f1-score": 0.7925890143762141,
      "support": 6000.0
    }
  },
  "confusion_matrix": [
    [
      4423,
      250
    ],
    [
      862,
      465
    ]
  ],
  "roc_auc": 0.7611023966666403
}