{
  "roc_auc": 0.7742811685271787,
  "precision": 0.5205382436260623,
  "recall": 0.5538809344385832,
  "f1": 0.5366922234392114,
  "confusion_matrix": [
    [
      3996,
      677
    ],
    [
      592,
      735
    ]
  ],
  "classification_report": {
    "0": {
      "precision": 0.8709677419354839,
      "recall": 0.8551251872458806,
      "f1-score": 0.8629737609329446,
      "support": 4673.0
    },
    "1": {
      "precision": 0.5205382436260623,
      "recall": 0.5538809344385832,
      "f1-score": 0.5366922234392114,
      "support": 1327.0
    },
    "accuracy": 0.7885,
    "macro avg": {
      "precision": 0.6957529927807731,
      "recall": 0.7045030608422319,
      "f1-score": 0.699832992186078,
      "support": 6000.0
    },
    "weighted avg": {
      "precision": 0.7934644178927168,
      "recall": 0.7885,
      "f1-score": 0.7908111608905806,
      "support": 6000.0
    }
  }
}