class,precision,recall,f1-score,support
0,0.8656756039288559,0.6978386475497539,0.7727488151658768,4673.0
1,0.367666815942678,0.6186887716654107,0.46123595505617976,1327.0
