class,precision,recall,f1-score,support
0,0.876657824933687,0.7073301230604602,0.782943440923897,3738.0
1,0.3867713004484305,0.6497175141242938,0.4848910751932537,1062.0
