class,precision,recall,f1-score,support
0,0.8368968779564806,0.9465011769741065,0.8883309901586663,4673.0
1,0.6503496503496503,0.35041446872645066,0.455435847208619,1327.0
