class,precision,recall,f1-score,support
0,0.8362779740871613,0.9497057249866239,0.8893899536515094,3738.0
1,0.6612612612612613,0.3455743879472693,0.45392702535559676,1062.0
